tension_id,Tension,Phrases,Core pain,Audience,Emotion,# posts,Post list,Total upvotes,Total comments,Avg debate ratio,Subreddit spread,Best example,Representative quotes,Sub-questions,Implied data point,Linkability verdict,Ownability verdict,Verdict
ai_interview_cheating,"Candidates are using AI tools live during interviews to feed themselves answers, and interviewers can no longer tell who actually has the skill.",AI candidate impersonation; fake interview bots; recruiter-vs-candidate AI arms race; ChatGPT detected live during interview; reading AI answers verbatim; ChatGPT 5 marginal improvement; LLM hitting capability ceiling; AI not replacing engineers yet; cheating via screen share caught; broken interview structure rewarding memorization; communication over code; WFH employee faking logged hours; IT logs expose remote cheating; new hire milking remote system; typed Leetcode editorial verbatim; fake power outage cheating; interview process breakdown; AI cheating in interviews; recruiters can detect AI; detection liability gap; CEO and CPO caught cheating; conflict of interest in HR investigation; camera refusal hiding fake candidate; zoom interview no-show; proxy interviewers; AI tools coaching candidates live; candidates reading AI responses on screen; arms race between recruiter and candidate AI; junior candidates interviewing poorly; AI-polished pitches masking weak answers; unprofessional zoom behavior; senior candidate reading AI answers live; eyes scanning screen during interview; ChatGPT app store empty opportunity; LLM-native distribution shift; platform dependency risk; anonymous email accusing new hire of fraud; candidate impersonation concerns,"Hiring decisions are being made on AI-faked competence — the interview measures the candidate's AI, not the candidate.",employer,anxiety,14,1o2kjdo; 1mrg1k0; 1mk8zj6; 1r5my44; 1sfxnau; 1o479rh; 1mlgwky; 1m2dpgy; 1o96fg4; 1oec07f; 1q63i3f; 1miu768; 1p08qzv; 1roalg0,37349,7613,0.2,"csMajors, cscareerquestions, humanresources, interviews, managers, recruiting, startups",https://old.reddit.com/r/recruiting/comments/1o2kjdo/5_minutes_into_the_interview_i_realised_my/,"""[▲1160] Well, doesn't that go as a portfolio project for AI engineer?"" / ""[▲601] This is literally written by AI. If you read OPs comment history they're all advertisements for various AI agents. I've been noticing more and more of these bots bringing up AI to advertise more organically.""",How can interviewers tell live AI help from genuine knowledge? · Are remote/video interviews making real-time cheating easy? · Who is liable when an AI-coached hire can't actually do the job?,% of remote interviews where the candidate is suspected of getting live AI assistance,"4/4 — citable rate, journalists cover it, evergreen (AI is permanent), proven data-report/index format.",CORE — brand-scope names 'AI-cheating in interviews' under proctoring & assessment integrity.,KEEP-CORE
ai_resume_flood,"AI lets candidates mass-generate and mass-apply with near-identical resumes, so screeners can't separate real signal from AI noise and capable people get buried.",junior dev impossible to get; AI raised hiring bar; Friday application dump; unread resume pile; volume-driven screening collapse; 2000 applications sent; 1% interview rate; mass-applying grind; CS grads double unemployment rate; AI doom loop applications; junior roles eliminated; LinkedIn cold outreach; ghosted after connection; AI-generated message accepted; influencer-driven unrealistic expectations; entry-level six-figure myth; mass applying from day one; communication clarity as hiring signal; AI-generated resume noise; mass applying kills rate; keyword mirroring works; $300 resume tailoring services; human screener rarity; AI-filtered applications; mass applying backfires; outdated contact info costs interviews; CV specificity over keywords; AI-written CVs undifferentiated,"The resume has stopped working as a filter — AI volume and polish drown the signal, so resume-based screening is collapsing.",both,anxiety,11,1r89r35; 1qxg9vv; 1nhwbhc; 1mmx040; 1ta5a5o; 1ma04es; 1ofji17; 1skes0r; 1lx796l; 1npbu7w; 1rcb8hp,29055,2446,0.08,"ITCareerQuestions, Recruitment, csMajors, cscareerquestions, jobs, jobsearchhacks, recruiting, resumes",https://old.reddit.com/r/jobs/comments/1r89r35/trying_to_get_a_dev_job_these_days/,"""[▲241] I once applied to be a dishwasher. I got a rejection letter the very next day."" / ""[▲170] Honestly the computer science bubble had to pop eventually, everyone and their mother was telling kids to get coding degrees when i graduated HS in 2013.""",Can anyone still tell an AI-written application from a human one? · Does mass-applying actually work for candidates? · What signal is left once the resume is automated?,"share of applications now AI-generated, and the collapse in resume-to-interview conversion","4/4 — citable share, widely covered, evergreen, index/data-report format.","CORE — skills-based hiring: judge capability, not resume noise.",KEEP-CORE
degree_vs_skills,"Employers gate roles behind degrees and credentials while capable self-taught and experienced people get auto-rejected, even as everyone agrees the degree no longer proves ability.",STEM degree worthless now; graduation into bad market; CS degree devalued; AI killed junior roles; self-taught dev hiring; HR filters resume; degree required bias; ghost jobs in listings; Leetcode grind no mentorship; CS degree market broken; degree-not-required paradox; compliance over qualification; college credential theatre; degree-only assumption fails; cert plus helpdesk pivot works; six figures without degree possible; role and location matter most; 20k to 162k no degree no certs; stepping-stone roles matter; Boston market career map; entry-level IT jobs disappearing; degree and certs still jobless; H1B offshoring cited; degree requirement blocking experienced candidates; outdated hiring checkboxes,Capability and credentials have come apart — the people who can do the job are screened out by a proxy that no longer predicts it.,both,anger,10,1qwkjfg; 1rh0kou; 1qzk4sj; 1mcop22; 1ufbwvp; 1mbz88x; 1n33ojb; 1mj3ihg; 1rfzdko; 1nm3z9c,65894,3141,0.05,"ITCareerQuestions, Recruitment, csMajors, cscareerquestions, jobsearchhacks, recruitinghell",https://old.reddit.com/r/recruitinghell/comments/1qwkjfg/born_just_in_time_for_an_economic_downturn/,"""[▲1898] 2026: college graduates can't get hired for minimum wage jobs"" / ""[▲23] Hey same. Masters in Information Systems and I'm literally hauling trash now.""",Does a degree still predict on-the-job performance? · How many capable candidates are auto-filtered for lacking one? · What should replace the degree as a screen?,performance gap between degree-required and capability-screened hires; share of roles demanding degrees they don't need,"4/4 — citable performance gap, journalists cover degree-inflation, evergreen, benchmark/data-report.",CORE — skills-based hiring is Testlify's central narrative.,KEEP-CORE
softskill_culturefit_unmeasured,"Soft skills, communication and 'culture fit' decide who gets hired and fired, yet nobody measures them objectively before the hire — so 'culture fit' becomes a cover for bias and bad calls.","startup CEO conducting interview for personality fit only; vague rejection email; no skills assessment; soft skills over technical; arrogant candidate rejected; culture fit hiring; ""culture fit"" cover for mismatch; work style never assessed; environment over role; candidate asks if interviewer pregnant; repeated pregnancy questions; culture fit disqualifier; recovering bad interview; authenticity over performance","The traits that actually decide success on the job are judged on gut feel and stay invisible until after the hire, when it's too late.",employer,disbelief,5,1oexljh; 1ssm4am; 1rrvc7e; 1s7tjj2; 1r2q6ni,5822,953,0.16,"AskHR, Recruitment, csMajors, interviews",https://old.reddit.com/r/interviews/comments/1oexljh/i_had_an_interview_with_a_startup_ceo_and_i_think/,"""[▲664] That CEO is learning how to be a CEO just as much as you are trying to find work. It's all the same. We all just squirrels in a world looking for a nut."" / ""[▲447] It sounds like you dodged questions that were important to him. It's a rather cordial rejection letter. It actually gave you feedback on how to do better in the future and told you to stay in touch.""","Can the human side of a candidate be evaluated before hiring? · Is 'culture fit' measuring fit or bias? · Why do so many hires fail on soft skills, not technical ones?",share of failed hires that fail on soft skills/culture rather than hard skills; how often 'culture fit' rejections track demographics,"4/4 — citable failure rate, bias angle journalists cover, evergreen, research/data-report.",CORE — personality/role-specific assessments and structured interview scorecards.,KEEP-CORE
leetcode_broken_technical,"Technical screening rewards memorized algorithm trivia and rote LeetCode grinding instead of real engineering work, so it selects for test-prep, not ability.",freshmen skipping fundamentals; AI before algorithms; skipping CS basics; Leetcode grind not landing jobs; job-hopping resume red flag; blanking on syntax mid-interview; brain fart gets pass; non-FAANG offer accepted; career fairs waste time; LeetCode pointless gatekeeping; recruiter indifference,The technical screen measures the wrong thing — puzzle recall under pressure — so it rejects capable engineers and passes good memorizers.,both,ridicule,4,1lnu6v8; 1nhbs59; 1rqjc77; 1tc02xm,9038,552,0.06,"csMajors, developersIndia",https://old.reddit.com/r/csMajors/comments/1lnu6v8/cs_freshman_students_2025/,"""[▲119] In all honesty, there's really no reason core CS classes couldn't be taught during high school other than the lack of competent instructors / teachers capable of teaching said subjects."" / ""[▲35] missed few steps like - basic prob stats , linear algebra and some differentiation""",Does LeetCode performance predict real engineering ability? · What does a memorization screen actually select for? · How should technical ability be evaluated instead?,correlation between LeetCode-style screen scores and actual on-the-job engineering performance,"4/4 — citable correlation, hotly debated, evergreen, data-study format.","CORE — valid, job-relevant skills assessment vs trivia screening.",KEEP-CORE
remote_identity_fraud,"Fake and proxy candidates — including organized rings using stolen identities — pass remote screening and background checks, so companies hire people who aren't who they claim to be.",North Korean identity fraud hired; passed background checks with stolen identity; remote job verification gap; North Korean fake candidates; fraudulent remote applicants; stolen identity red flags; North Korean fake candidates passing screening; fraudulent ID verification failure; remote tech role infiltration,"Remote hiring has lost its grip on identity itself — the person screened, interviewed and hired may not be the person doing the work.",employer,anxiety,3,1udssl4; 1nhx4x6; 1t3jwmw,4149,600,0.14,"cscareerquestions, recruiting",https://old.reddit.com/r/cscareerquestions/comments/1udssl4/be_careful_out_there/,"""[▲1594] And I can’t even get an interview FFS"" / ""[▲486] God damn... and Johnny can get a job yet nobody else can at the moment. Lied about the on-prem an everything...""",How do fake candidates get through screening and background checks? · Can identity and ability be verified in a fully remote process? · How widespread is proxy interviewing?,% of remote technical hires flagged for identity or proxy-interview fraud,"4/4 — citable fraud rate, major 2026 news angle (N. Korean IT workers), evergreen-ish, investigative report/index.",CORE — remote test integrity and assessment-identity verification.,KEEP-CORE
macro_layoffs_displacement,Tech layoffs and AI/offshoring displacement are gutting job security.,"laid-off colleagues ghosted; coworkers stop talking after layoff; laid off via text; no notice no dignity; mass layoffs via email; Oracle 30k terminated; govt data not accessible; road contractor accountability; RTI ignored; replacing junior devs with AI; AI budget cannibalizing headcount; tide shifting claim disputed; Trump stop hiring Indians; companies hired India same day; rhetoric without enforcement; rejection after rejection; months-long job search; niche skill edge; pandemic overhiring excuse exhausted; Amazon 30k layoffs; workers as expendable pawns; AI agent completed Jira ticket; scared about near-term displacement; AI excels at small discrete tasks; FAANG pay ceiling; tech vs finance lifestyle; senior engineer salary; SWE vs ML relevance; Karpathy course hype; non-transferable AI knowledge; NBA over SWE job; CS job scarcity; Stanford grad unemployed; FAANG no longer stable career; Microsoft layoffs normalized; constant fear of arbitrary cuts; Oracle mass layoff; daily DSA grind recovery; tier-1 college advantage; ex-Amazonian entitlement; year-long unemployment denial; recruiters reject Amazon alumni; vibe coder can't explain own code; AI regenerating not debugging; interviews can't screen it; daily office during notice period; no WFH after resignation; HR forces commute; CFO $29.5M same call as headcount cuts; AI-efficiency language masking layoffs; workers as cost line; whole team replaced by AI; Microsoft AI-first restructuring; ""AI creates jobs"" backlash; cold layoff email 6am; 30 percent unit reduction; debt-driven workforce cuts; stop hiring Indians rhetoric; offshoring vs H1B conflated; Congress unlikely to act; Amazon 16k on top of 14k layoffs; executives not resigning with workers; minimum annual churn policy; QR code game project; custom compression algorithm; viral side project; AI ethics vacuum in tech; engineers detached from social contract; enshittification accelerating; AI bubble like dotcom; under-hiring due to AI replacement fear; offshoring accelerates if bubble pops; safety risk for civic transparency builders; road contract data inaccessible; top school zero offers; 4000 apps no job; parents kicking out; Meta 20 percent AI pivot layoffs; devs burning out to prove AI productivity; traditional engineering sidelined; Meta Reality Labs 1500 layoffs; metaverse bet unwinding; stack ranking easing; senior engineers stopped thinking for themselves; AI-approved PR caused race condition; staff engineer can't explain own code; GPU vs CPU training speedup; 90 percent tech team laid off; frontend replaced by Claude code; AI-enabled restructuring; H-1B policy unpredictability; clients shifting away from H-1B; offshoring as fallback; H1-B fee hike impact; Indian job market oversupply; brain drain reversal; bloated mobile PDF apps; lightweight native alternative; childhood nostalgia bait; no hiring signal; timing determines FAANG salary; luck vs skill debate; graduated before layoffs; CS enrollment dropping fastest; gold rush narrative dead; ME and EE absorbing overflow; Windows-only dev policy; offer rescinded over OS; dev tool preferences; career switcher unemployed; outsourced dev jobs; coding pivot scam; Meta poaching OpenAI talent; elite AI researcher hiring; Chinese researchers dominate AI; AI grad cannot find job; professor warns job market; entire cohort underemployed; remote jobs routed to India; US roles disappearing; outsourcing over AI; managers not managing at all; IC work consuming manager time; headcount frozen manager overloaded; Anthropic hiring despite AI doom; CEO coding contradiction; AI engineers still needed; disengaged junior devs; AI replaces learning; clean code dismissed; junior hiring collapsed; mentorship pipeline gone; senior-only team risk; leaving for 90% raise; department moving to India; manager invested heavily then employee quit; software buggier everywhere; AI-yolod into prod; reduced headcount quality collapse; 50-plus layoff job search; 100 applications drought; two offers at premium pay; AI reduces code comprehension; junior hiring dropped 20%; productivity data contradicts hype; team checked-out mood; layoff threat disengagement; AI offloading reduces code intimacy; skip-level visibility game; brag doc shipping discipline; career meta vs actual work; $100k H-1B visa fee; offshoring acceleration; domestic talent shortage; layoff financial cascade; months of failed applications; pennies-on-dollar job offers; H1B abuse after mass layoffs; Microsoft laying off while hiring foreign labor cheap; H1B fee kills startup hiring; big tech talent moat advantage; AI tone-softening blunt HR messages; corporate-speak as emotional labor outsourcing; NASA intern still rejected; FAANG layoff competition floods market",Tech layoffs and AI/offshoring displacement are gutting job security.,,,67,1roudce; 1n2ncbs; 1s9bz1x; 1oft1b5; 1mvid8s; 1m7zvlx; 1locuwk; 1ohnh7q; 1nw0yj9; 1sv9mwm; 1m1uw9v; 1ogsqs4; 1mwf5cc; 1ovx9nr; 1lpwy62; 1t5xr2o; 1tvg8jn; 1omx86l; 1rteomh; 1mknxjx; 1tchmgq; 1lzl3hx; 1s8qy30; 1o22u1k; 1ma4i05; 1qpcc2d; 1m952bp; 1mdcl9n; 1n6nk56; 1ojbebq; 1pqjore; 1p06g8t; 1t3gbbu; 1rt62gb; 1qc7ake; 1tkccsi; 1sd1mk9; 1p2l3y8; 1oo6ml7; 1u81t0h; 1nno6ei; 1nln213; 1qcvz7o; 1mgm08w; 1td9vnt; 1sxyx3n; 1lyjs8d; 1meq3lv; 1lsktlz; 1mtwz4c; 1lpe76e; 1mhnd12; 1slp30t; 1mrfgm2; 1pt4yxh; 1oq74un; 1tysnmi; 1n74jad; 1rnkv2t; 1r89vhp; 1pwfx9l; 1nlffj7; 1npydua; 1m25nxx; 1nlnu7z; 1qei6om; 1po0gip,209381,26559,0.13,"ExperiencedDevs, ITCareerQuestions, csMajors, cscareerquestions, developersIndia, humanresources, jobs, jobsearchhacks, managers, recruiting, resumes, startups",https://old.reddit.com/r/jobs/comments/1roudce/seen_on_linkedin/,,,,,"DROP — macro job-market/economics, no assessment angle.",DROP
workplace_misconduct_hr,"Employees face misconduct, retaliation and unfair termination while complaints are ignored.","good boss appreciation; genuinely supportive manager; HR exec blacklisted; affair caught on camera; fired for leaving on time; hidden expectations mismatch; fired then asked to train; employer withholds final pay; fired for interviewing elsewhere; prospective employer called boss; declined overtime politely; manager offended by boundary; abusive interviewer demanding unpaid overtime; toxic boss red flags in interview; new hire going over manager's head; backstabbing to skip manager; triangulating with boss; boss reversed PTO denial; covered remote while on leave; single point of failure risk; accidentally saw termination email; fired without warning; ride it out quietly; invisible worker fired then chaos; fired someone only to regret it; undocumented critical work discovered; employee angry at peer's PTO; coworker resents others taking leave; jealous of colleagues time off; top performer used slur; no-witness racial incident; fear of reporting retaliation; life-threatening allergy ignored; mandatory unsafe venue; ADA accommodation request; HR disclosed resignation reason; confidentiality breach; coworker confrontation; AI-drafted employee complaints; bad AI legal advice; unedited copy-paste complaints; undisclosed child with coworker; workplace relationship disclosure; career damage fear; HR perceived as useless; zero revenue department myth; HR can't do April Fools; scope creep unpaid hours; 1-star review retaliation; client ""nickel and diming"" accusation; racial slur dismissed as joke; HR brushes off complaint; workplace harassment ignored; employee flirting with HR; self-terminating over it; fired by family; termination vs. quit confusion; surprise lawyer at disciplinary meeting; HR froze under legal pressure; employee conducted own hygiene investigation; dismissed HR's finding; firing without prior warnings; toxic employee chronic tardiness; surprise termination fallout; solo HR department burnout; no admin support; blank background instruction ignored; interview ended immediately; cow painting disqualified; role eliminated during maternity leave; forced early return pressure; FMLA protection; early W-2 requests flooding HR; employees ignoring self-service portals; post-interview recording accidentally sent; appearance mocked off-record; salary low-balled; SPHR passed last-minute; exam is reading comprehension not recall; W-2 season HR chaos; employees forgot their mailing address; all-male termination panel complaint; gender dynamic oversight; solo IT burnout at 80 hours; swapping salary for sane hours; bad boss culture toll; SHRM racial discrimination verdict; SHRM credibility collapse; toxic leader termination; employees feared physical retaliation post-firing; retroactive commission clawback; earned pay taken back; no repayment policy signed; bizarre resume interests; name change not reported; employee self-relocates without notice; colleague can't troubleshoot independently; doing coworker's job; PNG problem; exit interview after firing; involuntary termination no benefit; three weeks later outreach; HR blamed for everything management decides; holiday venting; boss affair with wife; HR report for revenge; save texts for divorce lawyer; doctor's note WFH denied; kidney stone accommodation refused; ADA interactive process; manager blames employee for divorce; asked to lie to spouse; only female on team; manager fired after raise leaked; loyalty quit backfired; 5% promotion insult; fired employee's wife contacts owner; wrongful termination fishing; do not respond advice; approved PTO clawed back; unauthorized final paycheck deduction; accrual vs approval gap; coworker breaks into locked office; repeat boundary violation; security footage termination; AI-generated vendor spam posts; fake transparency disclosure; moderator-reported pattern; broken ankle no return allowed; no restrictions policy; ADA accommodation for teacher; HR added to performance review; retaliation after investigation; witness protection concern; boss-employee dinner questioned; wife uncomfortable with frequency; non-work 1:1 boundary","Employees face misconduct, retaliation and unfair termination while complaints are ignored.",,,53,1olvial; 1rykl1t; 1rkldbw; 1o6ib5n; 1nek3kc; 1mbf6iu; 1pbh79a; 1nihrir; 1qqfgk4; 1mc1byh; 1o7jwzg; 1n7eahh; 1pntmta; 1poemw0; 1ndxmta; 1s0fm90; 1otzyf2; 1qfq40e; 1s9sak7; 1qdmgaj; 1me3laj; 1r9403h; 1rujqw4; 1slf670; 1noofdl; 1tn7d00; 1rean2l; 1n5ohbj; 1qfjv5y; 1qc5srv; 1sekapw; 1tpfie6; 1q3g8zb; 1o7drib; 1qis6wa; 1pfc8cw; 1noh7z3; 1mwgs0e; 1qqb9kh; 1p6gglk; 1qm355q; 1pvey5r; 1u3i8f5; 1njgtwo; 1rueh11; 1m1zole; 1u0ub56; 1s3xvix; 1q4l32f; 1r6efr9; 1n0wf37; 1rbmab1; 1pwqnax,170464,18738,0.11,"AskHR, ITCareerQuestions, humanresources, interviews, jobs, managers, recruitinghell, resumes, smallbusiness",https://old.reddit.com/r/jobs/comments/1olvial/my_boss_went_on_vacation_to_europe_and_sent_me/,,,,,"DROP — HR-ops/employee-relations, not hiring.",DROP
manager_people_mgmt,"Managers struggle with PIPs, PTO, promotions, retention and return-to-office conflicts.",rejection for being eager; blunt unsolicited feedback; one-minute lateness email; micromanagement paper trail; mandatory return to office; remote work productivity argument; unlimited PTO secretly capped; HR policing PTO usage; manager shielding team from HR; good work punished with more work; silent resignation unnoticed; performing less to avoid overload; startup creating custom role mid-interview; unexpected promotion during process; staff couldn't call 911; bystander effect emergency failure; no emergency training at work; benefits use blocks promotion; flex hours limit skill-building; Craig passed over for promotion; exit review cheat sheet; toxic manager named repeatedly; red-flag phrase decoding; after-hours work calls; right to disconnect bill; manager ignores boundaries; oncall on holiday; manager dismissed warning; AWS outage helplessness; PIPs always end in firing; telling employee PIP truth; legal risk of PIP honesty; managers stop getting honest feedback; employees fear giving negative feedback; feedback dries up at top; LinkedIn hiring manager outreach; cold message backfire; referral-only job market; star employee refused award; 2% raise insults high performer; employee of month meaningless; raise used to quit faster; fought for raise then lost employee; too little too late salary; can't promote deserving employee; budget blocked approved raise; star performer leaving due to pay freeze; became manager for money only; management is glorified babysitting; IC role pays more now; toxic manager escape; studied hard to get out; big tech offer after grinding; Gen Z thrives without micromanagement; meme-based trust with manager; managing wifi not hovering; RTO forces childcare impossible conflict; used as quiet-quitting tool; hybrid for managers not reports; entry-level wants decision authority; employee wants to shadow manager; ambitious new hire overstepping; PIP for single absence; forced to read PIP verbatim; not briefed before PIP meeting; toxic high performer makes team cry; 150% targets buys bad behavior; protecting team from Sarah; trust makes management harder not easier; team trusts you now weight is real; managing easier before trust; brag doc weekly habit; performance review amnesia; manager credit-stealing risk; engineering culture attrition; harsh feedback drives women out; feedback style not standards; forced into management track; just-let-me-fix-it frustration; IC vs manager mismatch; owner is the process; undocumented verbal approvals; single point of failure; Google Cloud project suspension; API key exposed by design; billing limits silently raised; intern title for years; employer-sanctioned title inflation; never received raise; build in public feedback experiment; VC access without pitching; relationship PIP as workplace joke; HR jargon applied to personal life; senior cofounder abandons for salary; paid assessment predicts performance; free users give low-quality feedback,"Managers struggle with PIPs, PTO, promotions, retention and return-to-office conflicts.",,,34,1qr7m2m; 1sfcu04; 1mqd0ot; 1o3ma5d; 1mo2ki0; 1mrjz3v; 1n2n5at; 1ohipo8; 1rg4wxs; 1pfnn0x; 1obonv6; 1nxxj9a; 1nbkvnc; 1ra48qc; 1qiwdqa; 1mdcgh3; 1np3o82; 1lofy1t; 1ozlobb; 1mddh04; 1rgqxh2; 1oe522u; 1mnzqxl; 1slijiq; 1meqxc2; 1n7zuba; 1n5xc3s; 1mha63e; 1r9x049; 1twro01; 1pig7u1; 1nwkp7n; 1sckmxd; 1r9659a,154203,25572,0.17,"ExperiencedDevs, cscareerquestions, developersIndia, humanresources, interviews, jobs, jobsearchhacks, managers, resumes, smallbusiness, startups",https://old.reddit.com/r/jobs/comments/1qr7m2m/hr_told_me_they_dont_accept_tryhards_and_people/,,,,,"DROP — general people-management, off-brand.",DROP
smallbiz_ops,"Small-business owners battle bad clients, no-shows, cash-flow and fake reviews.",buying fake Google reviews; Google Maps flagging; fake reviews attacking competitors; dollar-to-INR salary arbitrage; tier-4 college freelance success; finding foreign clients; unpaid family business labor; working for free decades; family business exploitation; entitlement after free handouts; biting the hand that feeds; homeless customer outburst; 40% price increase results; demanding clients least profitable; undercharging for years; net-60 return terms risk; boutique chain inventory risk; rejecting dangerous big order; random discounts erode respect; demanding clients haggle most; stopping discount habit; tariff destroying export business; 200 employees at risk; furniture import tariff threat; referral poisoned anchor client; bad client killed relationship; trusting referral over gut; client lied about finances; fake sob story discount; researching client after discount given; desk job mental health crisis; $70k startup capital options; rural market oversaturation; clients ghosting en masse; business-wide slowdown 2025; economy freezing new contracts; dental no-show lost revenue; phone calls ignored voicemail; text reminders cut no-shows; unpredictable self-employed income; invoice anxiety sleepless nights; cash flow panic solo business; solo operator uninsured liability; extension cord slip near-lawsuit; small business liability gap; 50% revenue single nightmare client; last-minute urgent weekend requests; fire or keep dilemma; fake negative review bombing; companies silencing critical posts; bot-reporting subreddit attacks; homeless sleeping outside business; odor management compassionate approach; deodorizer product request; failed consulting rebrand success; autistic authentic brand resonance; free services nobody wanted; fake expense report theft; bookkeeper missed fraud months; employee quit when caught; vending machine business sold; $2M exit 32 years; coaching program worthwhile question; competitor ordered product to copy; provisional patent urgency; billion-dollar company reverse engineering; 25% no-show rate losses; uncle resists deposit system; no-show deposit family disagreement; niche to empty-home cleanings only; service business via subcontractors; realtor network as distribution; client demanding 50% fee cut; walking away vs negotiating,"Small-business owners battle bad clients, no-shows, cash-flow and fake reviews.",,,25,1okn7vb; 1q3g7to; 1sfawfb; 1o5mfjm; 1rcbykx; 1mk3we6; 1od7j5k; 1mywp7p; 1qfdosp; 1p17d8b; 1otuw7c; 1tbfwum; 1rm6jq3; 1oez2al; 1m0dipl; 1o8zqpq; 1ot2azu; 1n8j5r6; 1o3qimp; 1pdax88; 1mc4kly; 1poaanl; 1rb2lh4; 1skdb7x; 1n95sty,28872,7741,0.27,"Recruitment, developersIndia, smallbusiness, startups",https://old.reddit.com/r/smallbusiness/comments/1okn7vb/whats_the_best_site_to_buy_google_reviews/,,,,,"DROP — small-business operations, fully off-brand.",DROP
startup_founder,"Founders wrestle with fundraising, pitch decks, co-founder conflict and finding a moat.",unpaid salary spun as growth; startup can't make payroll; pain-driven idea validation; enjoyment vs pain business split; founder sells directly early; four-day work week pitch; coverage and output concerns; retention and burnout data; fake SOC 2 reports; pre-written audit conclusions; YC-backed compliance fraud; solo founder isolation; dating app slow then accelerating growth; underpaid employee used company card; pay equity flagged through empathy; rambling tell-me-yourself answers; unstructured career pitch; resume as history not pitch; burying senior accomplishments; equity surrendered at exit; CTO wrote entire codebase alone; co-founder conflict over deadlines; unpaid internship red flag; HR walked out on revenue question; startup interviewer defensiveness; inherited wealth dominates real rich; real estate over tech for wealth; YC startups automating unwanted tasks; technical founders missing human experience; customer discovery skipped; elite college hypocrisy; Ivy League networking advantage; degree ROI depends on tier; SaaS startup bet lost everything; survivorship bias in startup success stories; problem slide wins or loses deck; traction needs context not raw numbers; team slide must answer why you; service-first then product; failed startups as education tax; unit economics must survive shocks; Singapore company registration efficiency; middleman opportunity already saturated; PR agency 80% is executable internally; journalist relationships determine coverage quality; earned media for early startups; AI lowers moat barriers; distribution the only remaining moat; oversaturated solution market; real-name identity drove Facebook adoption; MySpace bad UX and autoplaying music killed it; co-founder conflict ousted CTO; salaries stopped two months; dry job market while company dies,"Founders wrestle with fundraising, pitch decks, co-founder conflict and finding a moat.",,,21,1p4yhsb; 1sivput; 1mi8vnz; 1rz15ui; 1q0flx5; 1oqvzo0; 1t2w2ql; 1p6f8zb; 1r7z763; 1tcvmhu; 1lr4dzb; 1lw14u1; 1ostbi4; 1sczfjo; 1pylg24; 1mn2g0a; 1oi1zhr; 1rn45nz; 1oo7d07; 1lq1axg; 1nxsiwd,75159,6655,0.09,"humanresources, jobs, resumes, startups",https://old.reddit.com/r/jobs/comments/1p4yhsb/craziest_email_ive_ever_seen/,,,,,"DROP — startup fundraising/founder topics, off-brand.",DROP
ai_code_quality_decay,AI and vibe-coding are degrading code quality and engineering craft.,AI slop from non-coders; bureaucracy bottlenecks shipping; good engineers quitting; free-to-paid student hook; AI tool dependency; slop-assisted coding; AI-generated codebase cleanup; security flaws in slop; vibe-coded startup debt; workforce reduction slack pickup; let plates hit floor; management feels the pain; vibe coding exposed bad security; usage tracking as separate API; bypassed usage limit; broken AI-built MVPs; vibe-coded security holes; freelance cleanup boom; PR review by non-authors; AI code nobody owns; refusing unowned PRs; craft unrewarded at work; yes-man career meta; metrics theater over quality; architecture is people skills; unnecessary code built; cron job killed latency; AI PR reply resentment; cognitive burden dumped; code review trust collapse; AI makes devs slower; perception-reality gap; productivity study contradicts belief; coding is the easy part; essential complexity ignored; vibe coding misses requirements; toxic debt no repayment date; intentional vs accidental debt; velocity killed by god objects; fake latency fixed perception; technically correct felt broken; UX dishonesty that worked; standups are status reports; blockers never surfaced publicly; agile ritual vs reality; vibe-coder job listings split; serious vs slop job market; prompt engineer title mandate; interview while employed advantage; negotiating from strength; practice cures interview rust; vibe-coded MVP sold to bank; no-security server ransomwared; non-technical founder over-relied on AI,AI and vibe-coding are degrading code quality and engineering craft.,,,18,1r6olcv; 1nbykth; 1mg2r6y; 1sfw7o5; 1mtzb36; 1o29tge; 1towli9; 1sgcy1e; 1tqfcfj; 1nq5npn; 1lwk503; 1on84au; 1pi82ib; 1se1g7m; 1nbfh94; 1me6nps; 1sqtvxz; 1oex6aw,57126,5654,0.1,"ExperiencedDevs, csMajors, developersIndia, startups",https://old.reddit.com/r/ExperiencedDevs/comments/1r6olcv/an_ai_ceo_finally_said_something_honest/,,,,,"DROP — engineering-culture, off-buyer.",DROP
it_career_advice,"Breaking into IT is a grind of certs, help-desk roles and job-hopping for pay.",150 applications daily; tier-3 college disadvantage; salary not scaling with skill; 0 YOE entry point; data center as career launchpad; senior engineers doing tier-one tickets; misallocated engineering labor; projects delayed by ticket load; $19 to $570k trajectory; AI roles spike salary; luck plus grind framing; CS grad pivots to IT support; shift-based IT trade-offs; six years of certs for 41k pay; overqualified for underpaid roles; entry-level pay below retail; no bypassing the queue; employer market reality; late start at 30 still works; stoner-to-150k arc; consistent grind over years; trades boom may repeat IT bust; physical toll of trades ignored; Gen Z flooding trades; six figures in help desk possible; shift differential unlocks total comp; Fortune 50 remote role; job hopping triples salary fast; tailored resume 85% response rate; loyalty is dead; ask for 100k every interview; employer market undercuts that advice; CompTIA price hikes hurt beginners; CCNA higher ROI than trifecta; A+ low value; CS degree reset passwords all day; users ignore self-service tools; job security vs. frustration; 5 applications to first IT job; trifecta plus degree combo works; Ohio market still open; optimized LinkedIn landed job in 2 weeks; LATAM remote job search friction; stuck in minimum wage cycle; failed cert exam barrier,"Breaking into IT is a grind of certs, help-desk roles and job-hopping for pay.",,,17,1qqd37p; 1r7of81; 1snww7w; 1u2eac7; 1lptmof; 1lvb6ea; 1pzw57g; 1sbxjcc; 1lrskmr; 1qqdcbh; 1m9fl4k; 1odeha1; 1tlnxwa; 1psmdby; 1nd3ija; 1nmapst; 1tk2gm4,12197,3321,0.27,"ITCareerQuestions, developersIndia, resumes",https://old.reddit.com/r/developersIndia/comments/1qqd37p/tripled_my_ctc_again_tips_experience_for/,,,,,"DROP — pure jobseeker career advice, off-buyer.",DROP
ats_keyword_filter,Resumes are filtered out by ATS keyword bots before a human ever sees them.,referral beats qualifications; nepotism over merit; recruiter threats after withdrawal; burning bridges bluster; likeable beats productive in big tech; stressed workers get PR review hell; stress kills output; boss harvests employee blood; mandatory donation for stats; medical privacy violation; first applicant advantage; apply at 7am hack; ATS first-in first-out; ATS keyword invisibility; exact job title match; resume never surfaces; fake founder CEO title; internship beats startup title; resume inflation; stress evolves not disappears; mediocre hire outsized damage; customer feedback beats advisors; ATS keyword mismatch; ghost job listings; applying while overqualified; resume keyword gaming; soft-skill assessment gap; EQ invisible until hired; ATS can't parse text boxes; Print vs Save PDF difference; GPA rounding ethics; ATS GPA cutoff filters; corporate word salad resumes; ATS forces jargon; losing authentic voice; ATS keyword filtering; strong candidates silently rejected; GitHub outreach beats LinkedIn; context-based sourcing; resume scanning criteria; excluding vs advancing candidates,Resumes are filtered out by ATS keyword bots before a human ever sees them.,,,16,1qzituj; 1pdar5o; 1mrujpf; 1mpbrm4; 1n3reu8; 1r32a25; 1lym1qd; 1t4i6pw; 1ms8qvp; 1oe8him; 1pc53zq; 1tgx4y4; 1o1b9ak; 1o01gie; 1t07sz5; 1p50vs0,67925,5007,0.07,"AskHR, Recruitment, csMajors, cscareerquestions, humanresources, jobsearchhacks, recruitinghell, resumes, startups",https://old.reddit.com/r/recruitinghell/comments/1qzituj/plot_armor_employee_referral/,,,,,DROP — ATS product mechanics are an explicit off-lane; screening-signal angle covered by kept tensions.,DROP
comp_bait_switch,The posted salary or role differs from the actual offer (bait-and-switch).,fake remote listings; misleading job location; bait-and-switch posting; offer lowballed after 7 months unemployment; startup bait-and-switch on salary; commission structure impossible to hit; zero earners on record; deceptive compensation; rigid salary refusal; offer below posted range; restarting search unnecessarily; senior role downgraded at offer stage; bait-and-switch after three months; salary cut by half; salary posted 40% higher than actual; bait-and-switch job posting; misleading Indeed listing; AI video interview bait-and-switch; job seekers used as PR props,The posted salary or role differs from the actual offer (bait-and-switch).,,,7,1t606n3; 1n8g50s; 1opbf1c; 1o6hb0e; 1nt8eko; 1o36mjj; 1qcxr5v,90278,2531,0.03,"Recruitment, interviews, recruiting, recruitinghell",https://old.reddit.com/r/recruitinghell/comments/1t606n3/fuck_right_off/,,,,,DROP — off-brand per brand-scope.md,DROP
ghost_jobs,"Companies post jobs they have no intent to fill (internal picks, compliance posts, months-open ghosts).",internal candidate revealed; ghosted after final round; 1500 applications to land job; fake postings waste time; internal candidate dog-and-pony show; zero training budget; LinkedIn Easy Apply black hole; jobs filled before posting; gap questioned in interview; ghost job open ten months; job closed in 56 minutes; ghost internal hiring; posting for legal compliance; wired job requisitions; fake open roles; internal candidate already chosen,"Companies post jobs they have no intent to fill (internal picks, compliance posts, months-open ghosts).",,,7,1tcz6a3; 1o9erjz; 1pszdaz; 1ti8s8h; 1swj9jd; 1ntp9lo; 1tqtaub,138087,4475,0.03,"csMajors, jobs, recruitinghell, resumes",https://old.reddit.com/r/recruitinghell/comments/1tcz6a3/final_interview/,,,,,DROP — off-brand per brand-scope.md,DROP
vague_rejections,"Candidates get vague, vibe-based or insulting rejections with no real reason.","rejected for unusual hobby; vibe-based rejection; rejected for being a gamer stereotype; post-interview transcript accidentally shared with candidate; discriminatory rejection reason; insulting feedback sent to candidate; hiring manager email mistake; rejected on high school grade; absurd rejection criteria; unqualified candidate entitlement; hostile rejection response; candidate rejected as ""too perfect""; hiring manager blocking strong candidates; vague rejection email; ""we"" vs individual contribution test","Candidates get vague, vibe-based or insulting rejections with no real reason.",,,7,1qpo21d; 1my63u8; 1lvn993; 1n0yysn; 1sedxcc; 1n11xse; 1rx0zy0,43546,2121,0.05,"Recruitment, humanresources, interviews, recruiting, recruitinghell",https://old.reddit.com/r/recruitinghell/comments/1qpo21d/olive_oil/,,,,,DROP — off-brand per brand-scope.md,DROP
unrealistic_requirements,"Job ads demand impossible 'unicorn' experience, even for entry-level roles.",entry-level experience paradox; underpaid overqualified demand; college advice proved wrong; entry-level now requires experience; ghosted after interviews; laid off one year jobless; six months experience barrier; trades-not-greener myth; same experience barrier as IT; AI replacement fear; unrealistic job requirements; senior experience junior pay; self-sabotaging hiring standards; hiring managers refusing to budge on unicorn requirements; roles sitting open 6+ months; job huggers avoiding risk,"Job ads demand impossible 'unicorn' experience, even for entry-level roles.",,,6,1rsl4uv; 1ql25o4; 1oeua90; 1pclgy1; 1tgi34h; 1nkks8w,50902,1057,0.02,"ITCareerQuestions, developersIndia, jobs, recruiting, recruitinghell",https://old.reddit.com/r/recruitinghell/comments/1rsl4uv/the_situation_right_now/,,,,,DROP — off-brand per brand-scope.md,DROP
resume_gaps,Employment gaps are over-penalized and stigmatized in hiring.,resume gap scrutiny; layoff-caused gap; resume gap shaming; unemployed period stigma; gap explanation interrogation; family care penalized; borderline illegal questions; gap explanation performance; honest answer disarmed; rehearsed narrative rejected; resume gap stigma; bad interview question; career gaps over-penalized; long-term unemployment trap,Employment gaps are over-penalized and stigmatized in hiring.,,,6,1u7u3o6; 1ub3scn; 1tft2mv; 1t15bb9; 1m88t4b; 1nz1ivd,64891,1702,0.03,"jobsearchhacks, recruitinghell, resumes",https://old.reddit.com/r/recruitinghell/comments/1u7u3o6/position_requires_steady_work_history/,,,,,DROP — off-brand per brand-scope.md,DROP
pay_transparency,Salary is hidden until late in the process; pay-range laws are forcing disclosure.,interview lies expected; salary disclosure pressure; rehearsed fake answers; asking salary triggering interviewer hostility; companies hiding pay ranges; employer ghosting candidates; mandatory pay range disclosure; AI use disclosure required; salary mismatch at offer stage; mandatory pay transparency; candidates rejected for knowing their worth; ghosting candidates made illegal; pay transparency legislation; salary hidden until phone screen; internal equity problems,Salary is hidden until late in the process; pay-range laws are forcing disclosure.,,,6,1r74273; 1lv8vjn; 1o5w834; 1s56uty; 1npli6y; 1r1t85m,28820,1953,0.07,"Recruitment, humanresources, interviews, jobsearchhacks, recruiting",https://old.reddit.com/r/jobsearchhacks/comments/1r74273/things_you_need_to_lie_about_in_an_interview_from/,,,,,DROP — off-brand per brand-scope.md,DROP
interview_rounds,Candidates are dragged through 5-8 interview rounds over months for one role.,five rounds of interviews; remote hire overkill; six rounds for underpaid role; candidate rejecting company; exhausting interview gauntlet; eight interviews over six months; candidate withdrawing after serial ghosting on offer; process insulting candidate's time; five-round interview norm; unpaid work samples; one-round nostalgia; seven-stage interview at 10-person startup; bloated process signals slow decision-making,Candidates are dragged through 5-8 interview rounds over months for one role.,,,5,1qc3u51; 1n1sfym; 1nq7ns4; 1muxy4k; 1seq609,73835,1314,0.02,"interviews, jobsearchhacks, recruitinghell, startups",https://old.reddit.com/r/recruitinghell/comments/1qc3u51/you_dont_want_to_work_for_companies_like_this/,,,,,DROP — off-brand per brand-scope.md,DROP
slow_hiring_process,Slow manager bottlenecks and scheduling drag lose good candidates.,interview cancelled after position filled; no communication to candidate; offer lowballed after months-long process; client refusing salary negotiation; slow interview scheduling losing candidates; candidate accepts rival offer days before start; backup candidate needed; hiring manager review delays; below-market salary expectations; hiring manager approval bottleneck; candidate lost during manager delay,Slow manager bottlenecks and scheduling drag lose good candidates.,,,5,1mkkvrb; 1potj30; 1sk3urh; 1tpvitj; 1m6gk8x,15357,1603,0.1,"Recruitment, interviews, recruiting",https://old.reddit.com/r/interviews/comments/1mkkvrb/got_turned_away_at_an_interview_today/,,,,,DROP — off-brand per brand-scope.md,DROP
age_discrimination,Resume signals like graduation year trigger age discrimination.,graduation year ageism; callback rate tripled; resume date hiding; IT career cliff after 40; no safety net; high tax squeeze; skipped-over employee refusing to train replacement; age discrimination suspicion; resume signals age discrimination; outdated email addresses hurt; listing full career history; age-restricted job posting; illegal hiring criteria published publicly,Resume signals like graduation year trigger age discrimination.,,,5,1s9ikc5; 1nv4vkb; 1ra7mwd; 1s48g1j; 1lw0f9a,9505,1030,0.11,"developersIndia, humanresources, jobsearchhacks, resumes",https://old.reddit.com/r/jobsearchhacks/comments/1s9ikc5/i_removed_my_graduation_year_from_my_resume_and/,,,,,DROP — off-brand per brand-scope.md,DROP
overemployment_remote_trust,Remote workers secretly hold multiple jobs or fake their logged hours.,secretly working multiple jobs; overemployed remote worker; surveillance policy overreaction; employee suspected working two jobs; good performance still suspicious; overemployment manager dilemma; employee skipping PTO entry; time theft discovered on leave; manager confronted defensive employee quit; accept new role or fired; two jobs one salary; no HR involvement,Remote workers secretly hold multiple jobs or fake their logged hours.,,,4,1mps033; 1nq97gf; 1rai4g9; 1r0hbs3,13171,3091,0.23,"AskHR, managers, recruiting",https://old.reddit.com/r/recruiting/comments/1mps033/caught_a_remote_hire_secretly_working_six/,,,,,DROP — off-brand per brand-scope.md,DROP
resume_lying,"Candidates inflate or fabricate credentials, references and competing offers.",vindictive reference threat; fake reference script; toxic manager retaliation; fake competing offer; offer rescinded immediately; fabricated offer letter; accidentally inflated GPA; transcript verification fear; lying about software experience; embellishment vs. outright lying,"Candidates inflate or fabricate credentials, references and competing offers.",,,4,1sh2o6c; 1pa3xz9; 1t47ng7; 1ttrt35,9497,705,0.07,"csMajors, jobsearchhacks, resumes",https://old.reddit.com/r/jobsearchhacks/comments/1sh2o6c/i_used_a_fake_reference_to_escape_a_vindictive/,,,,,DROP — off-brand per brand-scope.md,DROP
unpaid_freework,Candidates are made to do unpaid take-home or free work during hiring.,free work demanded before offer; interview free-work extraction scam; unpaid internship termination; 28 days free labor; startup exploitation,Candidates are made to do unpaid take-home or free work during hiring.,,,2,1oto36c; 1p8k684,9354,904,0.1,"developersIndia, interviews",https://old.reddit.com/r/interviews/comments/1oto36c/i_accidentally_fixed_their_live_dashboard_during/,,,,,DROP — off-brand per brand-scope.md,DROP
hiring_scams,Fake recruiters and malware 'interviews' target job seekers.,fake zoom download scam; malware job interview; sophisticated long-con attack; sophisticated LinkedIn job scam impersonating JPMorgan; fake recruiter funneling to paid resume consultant,Fake recruiters and malware 'interviews' target job seekers.,,,2,1udujvg; 1sfuaro,6419,277,0.04,"interviews, jobsearchhacks",https://old.reddit.com/r/jobsearchhacks/comments/1udujvg/be_careful_i_was_just_computer_hacked_during_my/,,,,,DROP — off-brand per brand-scope.md,DROP
remote_mirage,Jobs listed as remote turn out to be onsite or quietly revert later.,remote listed as bait; false job location,Jobs listed as remote turn out to be onsite or quietly revert later.,,,1,1r13b1k,33371,328,0.01,recruitinghell,https://old.reddit.com/r/recruitinghell/comments/1r13b1k/hey_so_thats_actually_not_what_remote_means/,,,,,DROP — off-brand per brand-scope.md,DROP
video_interview_dehumanizing,One-way recorded video interviews feel dehumanizing to candidates.,one-way video interviews dehumanizing; high ghosting rate after HireVue,One-way recorded video interviews feel dehumanizing to candidates.,,,1,1q73abu,59,44,0.75,Recruitment,https://old.reddit.com/r/Recruitment/comments/1q73abu/were_considering_advising_users_to_autowithdraw/,,,,,DROP — off-brand per brand-scope.md,DROP
