Idea #,Method,Brand fit,Asset,Format,Our topic,Distinct angle,Source niche,Evidence URLs,Beatability,Effort,Notes
M2-001,M2 — Other Niches,CORE,"Bad-Hire Cost Calculator (per-role, with a sourced formula)",Calculator,Cost of a bad hire,"Live, per-role calculator with a transparent sourced formula; uses our 4,500+ role taxonomy to pre-fill realistic salary/ramp defaults per role. No assessment company has a real calculator.",finance / B2B SaaS,nerdwallet.com/mortgage-calculator; hubspot.com/roi-calculator,3,S,Headline: 'What does a bad hire actually cost you? [Free Calculator]'. 4-input form -> cost + formula + sharable PDF.
M2-002,M2 — Other Niches,CORE,Anatomy of a Bias-Free Hiring Process (data-visual),Infographic / data-visual,Fair hiring process,"One embeddable visual of a defensible process showing where bias enters and how to remove it, built on our fairness/process authority; embeds carry a credit link.",various viral infographics,informationisbeautiful.net; visualcapitalist.com,3,S,Headline: 'Where bias sneaks into hiring (and how to stop it)'.
M2-003,M2 — Other Niches,CORE,"Skills-Based Hiring Statistics (sourced, updated yearly)",Statistics roundup,Skills-based hiring statistics,"Curated, every stat sourced, plus one original Testlify platform stat per section that no roundup can match.",cybersecurity / marketing roundups,varonis.com/blog/cybersecurity-statistics; hubspot.com/marketing-statistics,3,S,One original platform stat per section is the moat.
M2-004,M2 — Other Niches,CORE,"Surprising Facts About Hiring Bias (curated, sourced)",Facts listicle,Hiring & bias facts,"Curiosity-driven facts list, each sourced, with a Testlify bias/assessment angle competitors' generic facts pages lack.",general viral facts,factretriever.com; mentalfloss.com,3,S,Headline: '[#] facts about hiring bias most recruiters get wrong'.
M2-005,M2 — Other Niches,CORE,The Structured Interview Checklist (interactive + downloadable),Checklist,Structured interviewing,"Interactive checklist plus a scorecard download, built from our structured-interview product and scorecard templates.",compliance (GDPR checklist),gdpr.eu/checklist; checklist.com,3,S,Fast build; pairs with the JD generator.
M2-006,M2 — Other Niches,CORE,"Skills-First Job Description Generator (bias-checked, test-linked)",Generator,Job descriptions / role definitions,"Outputs a skills-first JD with a bias-language check and a linked test per skill, drawn from our 4,500+ role taxonomy and test catalog.",SEO / branding (name generators),shopify.com/tools/business-name-generator; semrush.com/generate,3,M,Pairs with the structured-interview checklist.
M2-007,M2 — Other Niches,CORE,Free Practice Tests + Public Sample Question Bank,Free practice test / question bank,Practice tests / sample questions,"High-volume free practice tests with public sample questions per role, generated from our 3,500+ test library; competitor test pages paywall the questions.",test-prep (LeetCode; SAT prep),leetcode.com; khanacademy.org/sat,3,M,Overlaps Method 1's strong free-test lane -> the merge will dedupe.
M2-008,M2 — Other Niches,CORE,The State of Skills-Based Hiring (annual survey report),State-of survey report,Skills-based hiring adoption,"A recurring, branded annual combining a survey of our 1,500+ teams with platform data; competitor reports are one-off and unbranded.",dev / marketing (State of DevOps; SO Survey),stackoverflow.co/dev-survey; puppet.com/state-of-devops,2,L,Recurring; needs a survey run. Becomes the canonical annual citation.
M2-009,M2 — Other Niches,CORE,"The Complete List of Skills to Test, by Role (500+)",Complete-list listicle,Skills to test per role,"Exhaustive role -> skills -> test mapping, a byproduct of our 3,500+ tests across 4,500+ roles; each skill links to an actual test. Nobody owns the canonical list.",SEO (Google 200 Ranking Factors),backlinko.com/google-ranking-factors,3,M,Strong product tie-in; hard for a non-assessment company to match.
M2-010,M2 — Other Niches,CORE,Skills-Based Hiring: The Definitive Guide + Scorecard Template,Definitive guide + template,Skills-based hiring methodology,"The canonical guide plus a free downloadable scorecard, anchored in our assessment product and fairness authority.",SEO (On-Page SEO Definitive Guide),backlinko.com/on-page-seo,3,M,Overlaps Method 1's guide/template lanes -> the merge will dedupe.
M2-011,M2 — Other Niches,CORE,Hiring & Assessment Glossary with Bundled Micro-Tests,Glossary / dictionary,Assessment & hiring terminology,"Every term bundled with a 3-question micro-test or template, drawn from our test catalog; competitor glossaries are definition-only.",niche glossaries (poker/golf terms),merriam-webster.com,3,M,Overlaps Method 1's strong glossary lane -> the merge will dedupe.
M2-012,M2 — Other Niches,CORE,"The Hiring Template Library (scorecards, JDs, rubrics)",Template / asset library,Hiring templates,"A hub of free downloadable hiring templates (scorecards, JD frameworks, interview rubrics) generated from our role taxonomy and structured-interview product.",marketing (HubSpot Template Library),hubspot.com/resources/templates,3,M,Overlaps Method 1's strong template lane -> the merge will dedupe.
M2-013,M2 — Other Niches,CORE,How AI Interview Scoring & Proctoring Works (interactive explainer),Interactive explainer,How AI screening works,Interactive/animated explainer; we own the actual AI-scoring + proctoring product so we can show it accurately. Visual explainers get embedded + screenshotted.,engineering / science (Animagraffs),animagraffs.com/jet-engine,2,M,Headline: 'How AI Actually Scores an Interview'.
M2-014,M2 — Other Niches,CORE,How Fair Is Your Hiring? (free grader -> score + report),Benchmark / grader,Hiring process fairness/quality,"~12 questions -> a fairness/quality score + personalised report, built on our 'fair, defensible hiring' framework; the HubSpot-Grader engine, none in-niche. Shareable score drives embeds.",marketing (HubSpot Website Grader),website.grader.com,2,M,Headline: 'How fair is your hiring? Get your score'.
M2-015,M2 — Other Niches,CORE,What's Your Hiring-Bias Profile? (quiz + shareable result),Quiz / typology,Bias & fairness in hiring,"A B2B-appropriate quiz naming a recruiter's dominant biases + how to counter each, backed by our bias/fairness framework; shareable result page. No B2B hiring quiz exists in-niche.",consumer psychology (16Personalities),16personalities.com,2,M,"B2B-framed (recruiter self-awareness), not consumer fluff."
M2-016,M2 — Other Niches,CORE,How [Customer] Cut Time-to-Hire with Skills Tests (results case study),Case study (results),Hiring outcomes,"A concrete, numbers-led customer result (time-to-hire, quality-of-hire) only we can publish from our own customer base.",SEO/marketing case studies,backlinko.com/seo-case-study,2,M,Needs a customer willing to share real numbers.
M2-017,M2 — Other Niches,CORE,We Analyzed [N] Assessments: What Actually Predicts a Good Hire,Original research,Predictive validity of skills tests vs resumes,"A large-scale look from real assessment outcomes; competitors' data reports are opinion surveys, not platform data. Original research is the most-cited format.",SEO / SaaS (Backlinko),backlinko.com/search-engine-ranking-factors,2,L,NEEDS first-party assessment data release. Highest ceiling if freed.
M2-018,M2 — Other Niches,CORE,Best Companies for Candidate Experience (annual award + badge),Award + badge,Candidate experience,"Annual award; winners embed a badge that links back (a recurring ego-bait link engine), judged on candidate-experience signals from our completion/satisfaction metrics + authority.",HR / employer brand (Best Places to Work),greatplacetowork.com/best-workplaces,2,L,Recurring; badge backlinks compound yearly. Needs program ops.
M2-019,M2 — Other Niches,CORE,"The Skills-Gap Index (which skills each industry is short on, annual)",Branded index,Cross-industry skills gaps,"A named, recurring index ranking skill shortages by industry/role from our aggregate test pass-rate data; journalists cite indices by name. No assessment vendor publishes one.",economics (Big Mac Index),economist.com/big-mac-index,1,L,Recurring; NEEDS first-party data release. D2-validate before building.
M2-020,M2 — Other Niches,CORE,"Most In-Demand Skills, Ranked (quarterly)",Rankings,In-demand skills trends,Quarterly ranking of skills by test demand/growth from our platform data; a recurring citation hook that updates each cycle.,education / sports rankings,usnews.com/best-colleges,1,L,Recurring; NEEDS first-party data release.
M2-021,M2 — Other Niches,CORE,Remote Skills-Demand Map (by country/region),Map / geo viz,Regional skills demand / remote hiring,Interactive map of skill demand by region from our aggregate platform geo data; geo data-viz is a reliable embed magnet.,geo data viz (cost-of-living maps),visualcapitalist.com,1,L,NEEDS first-party data release.
M2-022,M2 — Other Niches,TRANSPLANT,Pay-by-Skill Benchmark (what proven skills are worth),Salary benchmark,Value of demonstrated skills (transplanted from compensation),"Instead of generic salary data, benchmark pay against demonstrated skill level using our skill-proficiency data; pulls salary-tool link demand into our skills lens.",compensation (Levels.fyi; PayScale),levels.fyi; payscale.com,1,L,transplanted from: compensation. NEEDS first-party data release.
