RowID,Competitor,URL,Format,Domains
20,adaface,https://www.adaface.com/blog/team-dynamics/,Answer-bait (what-is / how-it-works),15
22,adaface,https://www.adaface.com/blog/testing-customer-service-skills/,Answer-bait (what-is / how-it-works),13
25,adaface,https://www.adaface.com/blog/pre-employment-testing/,Answer-bait (what-is / how-it-works),11
30,adaface,https://www.adaface.com/blog/importance-of-attention-to-detail/,Answer-bait (what-is / how-it-works),9
31,adaface,https://www.adaface.com/blog/importance-of-problem-solving-skills-in-the-workplace/,Answer-bait (what-is / how-it-works),9
32,adaface,https://www.adaface.com/blog/job-simulations/,Answer-bait (what-is / how-it-works),9
48,adaface,https://www.adaface.com/blog/importance-of-writing-skills-in-the-workplace/,Answer-bait (what-is / how-it-works),6
49,adaface,https://www.adaface.com/blog/targeted-training/,Answer-bait (what-is / how-it-works),6
56,adaface,https://www.adaface.com/blog/customer-service-skills/,Answer-bait (what-is / how-it-works),5
57,adaface,https://www.adaface.com/blog/hiring-process/,Answer-bait (what-is / how-it-works),5
61,adaface,https://www.adaface.com/blog/ravens-progressive-matrices/,Answer-bait (what-is / how-it-works),5
63,adaface,https://www.adaface.com/blog/recruiting-memes/,Answer-bait (what-is / how-it-works),5
66,adaface,https://www.adaface.com/blog/types-of-aptitude-tests/,Answer-bait (what-is / how-it-works),5
73,adaface,https://www.adaface.com/blog/a-complete-guide-on-online-remote-proctoring/,Answer-bait (what-is / how-it-works),4
74,adaface,https://www.adaface.com/blog/ai-in-hr/,Answer-bait (what-is / how-it-works),4
75,adaface,https://www.adaface.com/blog/cost-of-hiring-an-employee/,Answer-bait (what-is / how-it-works),4
97,adaface,https://www.adaface.com/blog/ai-in-recruitment/,Answer-bait (what-is / how-it-works),3
100,adaface,https://www.adaface.com/blog/big-five-personality-traits/,Answer-bait (what-is / how-it-works),3
104,adaface,https://www.adaface.com/blog/gamification-in-recruitment/,Answer-bait (what-is / how-it-works),3
105,adaface,https://www.adaface.com/blog/good-typing-speed/,Answer-bait (what-is / how-it-works),3
106,adaface,https://www.adaface.com/blog/hr-scorecard/,Answer-bait (what-is / how-it-works),3
108,adaface,https://www.adaface.com/blog/importance-of-critical-thinking-in-workplace/,Answer-bait (what-is / how-it-works),3
109,adaface,https://www.adaface.com/blog/job-interview-statistics,Answer-bait (what-is / how-it-works),3
118,adaface,https://www.adaface.com/blog/tech-hiring-challenges/,Answer-bait (what-is / how-it-works),3
129,adaface,https://adaface.com/blog/job-interview-statistics,Answer-bait (what-is / how-it-works),2
130,adaface,https://adaface.com/blog/social-media-recruitment-statistics,Answer-bait (what-is / how-it-works),2
143,adaface,https://www.adaface.com/blog/7-tips-for-working-from-home-efficiently/,Answer-bait (what-is / how-it-works),2
144,adaface,https://www.adaface.com/blog/android-developer-salary/,Answer-bait (what-is / how-it-works),2
153,adaface,https://www.adaface.com/blog/enhance-candidate-experience-for-gen-z/,Answer-bait (what-is / how-it-works),2
154,adaface,https://www.adaface.com/blog/enneagram-type-4/,Answer-bait (what-is / how-it-works),2
155,adaface,https://www.adaface.com/blog/enneagram-type-6/,Answer-bait (what-is / how-it-works),2
158,adaface,https://www.adaface.com/blog/full-stack-developer-salary/,Answer-bait (what-is / how-it-works),2
169,adaface,https://www.adaface.com/blog/identify-hiring-need/,Answer-bait (what-is / how-it-works),2
170,adaface,https://www.adaface.com/blog/importance-of-soft-skills-in-workplace/,Answer-bait (what-is / how-it-works),2
172,adaface,https://www.adaface.com/blog/inspiring-recruiting-quotes/,Answer-bait (what-is / how-it-works),2
180,adaface,https://www.adaface.com/blog/python-developer-salary/,Answer-bait (what-is / how-it-works),2
186,adaface,https://www.adaface.com/blog/selection-process/,Answer-bait (what-is / how-it-works),2
187,adaface,https://www.adaface.com/blog/shortlisting-candidates/,Answer-bait (what-is / how-it-works),2
205,adaface,https://www.adaface.com/blog/skills-required-for-solution-architect,Answer-bait (what-is / how-it-works),2
211,adaface,https://www.adaface.com/blog/talent-branding/,Answer-bait (what-is / how-it-works),2
245,adaface,https://adaface.com/blog/campus-recruitment,Answer-bait (what-is / how-it-works),1
250,adaface,https://adaface.com/blog/inspiring-recruiting-quotes,Answer-bait (what-is / how-it-works),1
253,adaface,https://adaface.com/blog/recruitment-statistics,Answer-bait (what-is / how-it-works),1
254,adaface,https://adaface.com/blog/recruitment-statistics?ref=examples.tely.ai,Answer-bait (what-is / how-it-works),1
255,adaface,https://adaface.com/blog/skills-based-hiring-statistics,Answer-bait (what-is / how-it-works),1
256,adaface,https://adaface.com/blog/skills-required-for-chief-information-security-officer,Answer-bait (what-is / how-it-works),1
257,adaface,https://adaface.com/blog/skills-required-for-cyber-security-analyst,Answer-bait (what-is / how-it-works),1
258,adaface,https://adaface.com/blog/skills-required-for-data-coordinator,Answer-bait (what-is / how-it-works),1
259,adaface,https://adaface.com/blog/skills-required-for-etl-developer,Answer-bait (what-is / how-it-works),1
260,adaface,https://adaface.com/blog/skills-required-for-growth-marketer,Answer-bait (what-is / how-it-works),1
261,adaface,https://adaface.com/blog/skills-required-for-html-developer,Answer-bait (what-is / how-it-works),1
262,adaface,https://adaface.com/blog/skills-required-for-mysql-developer,Answer-bait (what-is / how-it-works),1
263,adaface,https://adaface.com/blog/skills-required-for-nlp-engineer,Answer-bait (what-is / how-it-works),1
264,adaface,https://adaface.com/blog/skills-required-for-nodejs-developer,Answer-bait (what-is / how-it-works),1
265,adaface,https://adaface.com/blog/skills-required-for-public-relations,Answer-bait (what-is / how-it-works),1
266,adaface,https://adaface.com/blog/skills-required-for-salesforce-administrator,Answer-bait (what-is / how-it-works),1
267,adaface,https://adaface.com/blog/skills-required-for-snowflake-developer,Answer-bait (what-is / how-it-works),1
268,adaface,https://adaface.com/blog/skills-required-for-solution-architect,Answer-bait (what-is / how-it-works),1
269,adaface,https://adaface.com/blog/skills-required-for-spark-developer,Answer-bait (what-is / how-it-works),1
270,adaface,https://adaface.com/blog/skills-required-for-typescript-developer,Answer-bait (what-is / how-it-works),1
271,aihr,https://www.aihr.com/blog/hr-trends/,Answer-bait (what-is / how-it-works),485
276,aihr,https://www.aihr.com/blog/employee-referral-program/,Answer-bait (what-is / how-it-works),359
287,aihr,https://www.aihr.com/blog/ai-in-hr/,Answer-bait (what-is / how-it-works),282
288,aihr,https://www.aihr.com/blog/hr-acronyms/,Answer-bait (what-is / how-it-works),269
289,aihr,https://www.aihr.com/blog/recruiting-metrics/,Answer-bait (what-is / how-it-works),237
290,aihr,https://www.aihr.com/blog/employee-referral-programs-examples/,Answer-bait (what-is / how-it-works),230
291,aihr,https://www.aihr.com/blog/learning-and-development/,Answer-bait (what-is / how-it-works),225
293,aihr,https://www.aihr.com/blog/360-degree-feedback/,Answer-bait (what-is / how-it-works),201
294,aihr,https://www.aihr.com/blog/employee-performance-metrics/,Answer-bait (what-is / how-it-works),194
295,aihr,https://www.aihr.com/blog/measuring-training-effectiveness/,Answer-bait (what-is / how-it-works),193
