RowID	BrandFit	Domains	Asset
317	ADJACENT	137	Generative AI in Hiring & Skills Assessment: Use Cases, Bias Risks, Candidate Experience Standards, and an Implementation Checklist
2029	CORE	131	AI Recruitment in 2025: How to Use AI Interviews, Detect AI-Assisted Cheating, and Keep Assessments Fair — A Hiring Manager's Practical Guide
324	ADJACENT	128	Skills-Based Talent Management: How Pre-Employment Assessment Feeds Hiring, Development, and Succession Planning
329	ADJACENT	126	AI Hiring Tool Risk Checklist: How to Audit an AI Assessment Vendor for Bias, Transparency, and Candidate Fairness
885	CORE	110	NLP Developer Skills Assessment Guide: Competency Map, Sample Test Questions, and Interview Scorecard
361	ADJACENT	107	Skills-Based Hiring Inside a TA Strategy: How to Use Assessments to Reduce Time-to-Fill, Improve Quality-of-Hire, and Cut Screening Bias
9	CORE	100	How to Assess an AI Product Manager: Skills-to-Test Mapping with Sample Questions and AI Interview Scorecard
367	ADJACENT	97	Pre-Employment Assessment in Talent Acquisition: A Practical Guide to Test Types, Validity, Bias Risk, and Candidate Experience
2256	CORE	71	Problem-Solving Skills Assessment Toolkit: 15 Sample Test Scenarios, Live Coding Tasks, and a Structured Interview Rubric for Technical Roles
2031	CORE	66	How to Hire a Financial Skills Role: A Free Assessment-First Hiring Guide for Loan Officers, Credit Analysts, and Financial Advisors — With Sample Skills Test Questions
401	ADJACENT	63	Building a Skills-Based Talent Pipeline: How to Use Pre-Employment Assessments to Score, Tier, and Activate Passive Candidates
413	CORE	57	Recruitment ROI Calculator + Benchmark Report: Cost-Per-Hire, Time-to-Screen Savings, and Bad-Hire Cost by Industry Size
417	ADJACENT	54	Assessment Experience & Employer Brand: How Pre-Employment Test Design Affects Candidate Perception, Drop-Off, and Offer Acceptance
454	ADJACENT	42	Hiring Quality Dashboard: Metrics, Templates, and How to Link Assessment Scores to Post-Hire Performance
464	ADJACENT	40	Choosing a Digital Skills Assessment Platform: Evaluation Framework, Feature Checklist, and Integration Questions for HR Teams
469	ADJACENT	39	Skills-Based Passive Candidate Outreach: How to Use Pre-Screen Assessments to Qualify and Engage Passive Talent Before First Contact
470	CORE	39	Using Skills Assessment Data to Predict Hire Quality: A Practical Guide to Building and Validating a Predictive Screening Model
472	CORE	39	Building a Skills Inventory from Hiring Data: How to Use Pre-Employment Assessment Results to Map Org-Wide Skill Gaps and Workforce Needs
2033	CORE	37	How Structured Assessments Eliminate Confirmation Bias: A Hiring Manager's Guide with a Free Bias-Proofing Checklist for Interview and Test Design
485	CORE	36	Quality-of-Hire Benchmark Report + Scorecard Template: How Skills Assessments Predict 90-Day Performance
1143	CORE	32	Personality Assessment in Hiring: Which Tests Are Valid, Which Traits Predict Performance by Role, and How to Avoid Legal Risk
1149	TRANSPLANT	28	Assessment-Qualified Talent Pipeline: How to Use Skills Tests to Pre-Qualify Passive Candidates Before You Need Them
2269	CORE	28	Technical Interview Design Guide: Question Bank by Difficulty, Structured Evaluation Scorecard, and Anti-Gaming Checklist
530	TRANSPLANT	27	Assessment-Ready Candidate Guide for Employers: What to Tell Candidates Before a Skills Test (+ FAQ Template)
1813	CORE	26	Virtual Job Tryout vs. Skills Assessment: Which to Use When — A Role-by-Role Comparison Guide with Sample Scenarios for 8 Job Families
895	CORE	25	Pre-Employment Testing Decision Guide: Test-Type Comparison Matrix with Validity Data and Role-Fit Recommendations
1814	CORE	25	Bias in Pre-Employment Assessments: How Test Design Creates Adverse Impact, How to Audit It, and a Free Bias-Check Checklist
1152	CORE	24	Assessment Integrity Playbook: Choosing the Right Proctoring Level for Each Role (With Cheating Rate Benchmarks)
1364	CORE	22	How Skills Assessments Reduce Time-to-Hire: Benchmark Data by Industry and a Step-by-Step Assessment Workflow
2042	CORE	22	Diversity-First Assessment Design: How to Audit Your Skills Test Battery for Adverse Impact — With a Free Calculation Template and Worked Examples
537	CORE	18	Candidate Experience in Skills-Based Hiring: Benchmarks, Drop-off Data, and an Employer Checklist
1376	CORE	17	The True Cost of a Bad Hire vs the Cost of Assessment: A ROI Calculator for Pre-Employment Testing
1170	TRANSPLANT	16	Designing Online Skills Tests for Hiring: Format, Timing, Question Types, and Candidate Experience Best Practices
1381	CORE	16	Reducing Time-to-Fill with Smarter Assessment Design: How Test Length, Format, and Timing Affect Funnel Speed (With Benchmarks)
1173	ADJACENT	15	Assessment Centre vs Online Skills Test: When Each Approach is Right, with a Cost-Validity Comparison and SMB Alternative Guide
1539	TRANSPLANT	15	Bias-Free Hiring Audit: A Step-by-Step Assessment Review Checklist with Adverse-Impact Calculator
2057	CORE	15	Job Simulation Design Guide: How to Build a Role-Specific Simulation, Score It Fairly, and Compare Its Predictive Validity to Skills Tests — With Two Free Sample Simulations
1837	CORE	14	Pre-Employment Skills Testing: The Complete Guide with Role-to-Test Matching Tool and Free Sample Assessments by Job Type
1551	CORE	13	The Hiring Bias Audit Checklist: 12 Bias Types, Where Each Enters Your Assessment Process, and the Assessment Design Fix for Each
1553	CORE	13	Past-Performance Interview Guide: Competency-Mapped Question Bank (30+ Questions) with Scoring Rubrics and Skills-Test Alignment Notes
1841	CORE	13	Microsoft Office Skills Assessment Guide: Proficiency Level Framework (Beginner/Intermediate/Advanced) with Free Sample Test Questions
2065	CORE	13	How to Hire a Talent Acquisition Specialist: Free Skills Assessment Framework, Sample Test Questions, and Scorecard Template
1187	TRANSPLANT	12	Campus Hiring Assessment Guide: How to Use Aptitude Tests and Coding Challenges to Screen Graduates at Scale
1189	CORE	12	Proctoring & Candidate Experience in Hiring: How Assessment Stress Affects Completion Rates and What Employers Can Do
1392	ADJACENT	12	Skills-Score-Based Candidate Matching: How to Use Assessment Results to Rank and Shortlist Candidates Objectively
1845	CORE	12	Cognitive Ability in Hiring: What the Scores Mean, Role-Level Benchmarks, and 10 Free Sample Test Questions
2068	CORE	12	Job Task Analysis to Skills Test Builder: A Step-by-Step Template for Translating Role Tasks into a Validated Assessment Battery
1857	ADJACENT	11	How to Screen Freelancers and Project-Based Hires: A Skills Assessment Framework with Sample Project Brief Templates
555	CORE	10	Structured Interview Toolkit: Role-by-Role Question Banks, Scoring Rubrics, and Assessment-to-Interview Handoff Guide
1401	TRANSPLANT	10	Skills Assessment in the Recruiting Funnel: Which Tests to Use at Each Hiring Stage and How to Weight the Results
1405	TRANSPLANT	10	Assessment Conversion Benchmarks by Funnel Stage: Drop-off Rates, Completion Data, and How to Optimise Each Screening Step
1872	CORE	10	Personality Tests for Hiring: Big 5 vs. DISC vs. MBTI — Which Is Legally Defensible, What Each Measures, and 5 Sample Questions per Framework
1873	CORE	10	Job Simulations vs. Skills Tests vs. Structured Interviews: A Hiring Manager's Decision Guide with Free Sample Simulation for Customer Service and Coding Roles
1874	ADJACENT	10	How to Automate Your Candidate Screening Without Losing Assessment Quality: A Step-by-Step Setup Guide for Skills-Test-Led Hiring Funnels
1410	CORE	9	Hiring Analytics Playbook: How to Measure the Predictive Power of Your Skills Assessments (Pass Rates, Score Distribution, and Quality-of-Hire Correlation)
1411	CORE	9	The ROI of Pre-Employment Assessments: A Calculator and Framework for Measuring Assessment Platform Value
1600	ADJACENT	9	Collaborative Hiring Calibration Kit: Panel Scorecard Template + Skills-Test Debrief Guide for Multi-Interviewer Teams
1602	CORE	9	How to Assess Work Ethic Before Hiring: A Skills-Based Screening Guide with Interview Rubric and Conscientiousness Test Explainer
1887	CORE	9	How to Assess Technical Writers: A Skills-Test Blueprint with Sample Rubric, Free Writing Sample Evaluation Criteria, and Competency-to-Test Mapping
1888	CORE	9	Candidate Selection Scorecard: How to Weight Skills Tests, Interviews, and Background Checks into a Single Hiring Decision Framework
1889	CORE	9	Assessing Observation and Attention-to-Detail Skills: Role-by-Role Guide with Free Sample Test Questions and Score Benchmarks for 5 Job Families
1890	CORE	9	Reasoning Skills Assessment Battery Guide: Which Tests to Stack by Role, Score Benchmarks, and 5 Free Sample Questions per Test Type
1892	CORE	9	WordPress Developer Skills Assessment Guide: Proficiency Rubric for 3 Levels with Free Sample Test Questions and a Role-Fit Skill Matrix
2084	CORE	9	Admin and Receptionist Skills Assessment Guide: Free Sample Test Questions for Communication, Organisation, and Problem-Solving Competencies
2086	CORE	9	Preventing Skills Mismatch at Hire: A Pre-Employment Assessment Strategy Guide with Skills-Match Scoring Framework and Predictive Validity Data by Test Type
1232	CORE	8	How Non-Technical Hiring Managers Can Evaluate Developer Candidates: A Skills Assessment Guide with Sample Questions and Scoring Rubrics
1905	CORE	8	Structured Interview Toolkit: Ready-to-Use Script Template, Competency Question Bank (50+ Questions), and Interviewer Scorecard
2095	CORE	8	How Standardized Assessments Remove Similarity Bias: A Structured Hiring Checklist for Removing Affinity Cues from Screening, Interviews, and Scoring
1918	TRANSPLANT	7	Diversity in Hiring by Industry: How Assessment Practices Drive (or Fix) Representation Gaps — A Data-Backed Audit Guide with Adverse-Impact Calculator
1921	ADJACENT	7	Hiring for Adaptability: A Skills Assessment Guide for Building an Agile Workforce — Test Types, Sample Questions, and a Pre-Hire Agility Score Framework
1929	ADJACENT	7	Startup Hiring Playbook: How to Screen 100+ Applicants With a 2-Person Team Using Skills Tests — A Step-by-Step Assessment Setup Guide
1933	ADJACENT	7	Skills-First Targeted Recruitment: How to Use Assessment Data to Define Ideal Candidate Profiles and Source More Accurately
2096	CORE	7	Blind Hiring Implementation Guide: What to Anonymize at Each Hiring Stage — With a Free Checklist for Skills-Test, Resume, and Interview Blinding
926	TRANSPLANT	6	Remote Hiring Assessment Playbook: How to Screen and Test Candidates Effectively When You Can't Be in the Room
1947	CORE	6	Leadership Agility Assessment Guide: How to Test for Situational Awareness, Decision Speed, and Adaptability — With Free Sample Questions and Score Benchmarks
1950	CORE	6	Behavioral Assessment Battery Builder: How to Pair Personality Tests with Skills Tests for a Complete Candidate Picture — With Free Big 5 Sample Questions
1951	CORE	6	Cognitive Ability Tests: The Complete Hiring Manager's Reference — Score Benchmarks by Role, Legal Compliance Checklist, and 10 Free Sample Questions
1958	CORE	6	Personality Tests for Hiring Decisions: Legal Defensibility Guide, Framework Comparison (Big 5/DISC/MBTI), and Free Sample Questions
1961	CORE	6	Marketing Manager Skills Assessment Playbook: Competency Map, Test Type Recommendations, and Free Sample Questions for 6 Core Marketing Skills
2108	CORE	6	Eliminating Contrast Effect in Candidate Evaluation: An Independent Scoring Protocol with Scorecard Template and Calibration Guide for Hiring Panels
2111	CORE	6	Hard Skills Assessment Guide: How to Test for the 10 Most In-Demand Hard Skills Without Relying on Resumes — With Free Sample Questions per Skill
2117	ADJACENT	6	Remote Hiring Assessment Guide: Which Competencies to Test Differently for Remote Roles — With a Remote-Specific Skills Battery and Free Sample Questions
58	CORE	5	Software Engineer Structured Interview Kit: Role-Level Scorecard, Question Bank, and Bias-Reduction Checklist
64	CORE	5	Candidate Screening Methods Compared: Validity, Bias Risk, and Conversion Benchmarks (with Screening Rubric Template)
1295	TRANSPLANT	5	Using Hackathons as a Hiring Assessment: Scoring Rubrics, Evaluation Criteria, and How to Convert Performance into a Hiring Decision
1298	CORE	5	Remote Proctoring for Hiring Assessments: A Decision Guide for Employers (With Cheating Data and Role-Risk Framework)
1448	CORE	5	Data-Driven Hiring with Skills Assessments: The Metrics That Matter, Benchmarks by Industry, and a Measurement Starter Kit
1455	ADJACENT	5	Hiring Assessment Technology Buyer's Guide 2026: Skills Tests, AI Interviews, and Proctoring — What to Evaluate and How to Compare Vendors
1457	CORE	5	Structured Interview Scorecard Kit: Role-Ready Question Banks + Printable Rating Rubrics for Hiring Teams
1994	TRANSPLANT	5	The Cost of a Bad Hire Calculator: How Assessment Quality Affects Turnover Costs — With an Interactive Spreadsheet and Benchmark Data
1999	TRANSPLANT	5	How Skills-Based Hiring Improves Employee Retention: Data on the Link Between Assessment Accuracy and 12-Month Retention Rates
2002	ADJACENT	5	Skills Assessment for High-Volume Evergreen Roles: How to Build a Continuous Screening Funnel That Qualifies Applicants Automatically
2006	CORE	5	Assessing Motivation and Work Ethic Before Hiring: Test Types, Sample Questions, and a Scoring Rubric for Conscientiousness and Drive
2009	CORE	5	The Hiring Mistakes Audit: 9 Assessment-Layer Errors That Cause Bad Hires, With a Pre-Launch Checklist to Catch Them Before You Screen
2010	ADJACENT	5	Skills-Data-Driven Hiring Plans: How to Use Assessment Benchmarks and Historical Test Data to Forecast Role Requirements and Set Hiring Targets
2020	CORE	5	Operations Team Hiring Assessment Guide: Skills Tests, Competency Maps, and Free Sample Questions for 6 Core Operations Roles
2129	CORE	5	Hiring Bias by Stage: A Complete Audit Checklist Mapping 12 Bias Types to Resume Screen, Skills Test, and Interview — With Fixes for Each
2131	CORE	5	Building Cultural Diversity Through Assessments: How to Audit Your Skills-Test Battery for Cultural Bias and Measure Diversity Outcomes at Each Screening Stage
2132	CORE	5	Unconscious Bias Audit for Hiring Teams: A Stage-by-Stage Checklist for Resume Screen, Skills Test Design, and Structured Interview — With Free Downloadable Template
2133	CORE	5	How Skills Tests Catch Candidate Dishonesty: Data on Resume Inflation vs. Test Score Gaps — With a Free Verification Checklist for Common Skills Claims
78	TRANSPLANT	4	How to Screen SEO Copywriters: Skills-to-Test Matrix, Sample Assessment Questions, and Hiring Scorecard
79	TRANSPLANT	4	How to Assess SQL Server DBAs: Skills-to-Test Mapping, Seniority-Tiered Sample Questions, and Pass/Fail Rubric
616	CORE	4	The Skills-First Interview Guide: How to Read Assessment Reports and Turn Them Into Targeted Interview Questions
952	CORE	4	Front-End Developer Skills Assessment Kit: Competency Matrix by Seniority, Sample Test Questions, and Interview Scorecard
960	CORE	4	Front-End Developer Skills Assessment Kit: Competency Matrix by Seniority, Sample Test Questions, and Interview Scorecard
1325	CORE	4	Personality Assessments in Hiring: Which Tests Measure A/B/C/D Types Reliably, Which Traits Predict Performance by Role, and How to Avoid Adverse Impact
1327	ADJACENT	4	Identifying High-Potential Candidates in Pre-Employment Screening: Which Assessment Types Predict Long-Term Potential (With Benchmarks)
2139	TRANSPLANT	4	Age-Neutral Assessment Design: How to Write and Audit Skills Tests That Avoid Age Discrimination — With a Legal Compliance Checklist and Adverse-Impact Calculator
2146	CORE	4	AI vs. Human in Hiring: A Decision Framework with Scoring Rubric and Assessment Review Checklist
2157	CORE	4	The Soft Skills Assessment Playbook: 17 Skills, Sample Assessment Tasks, and Scoring Rubrics for Each
2161	TRANSPLANT	4	Financial Services Skills Assessment Guide: Sample Test Questions, Scoring Rubrics, and Assessment Criteria for Banking & Advisory Roles
2166	CORE	4	How to Evaluate AI Screening Tools: A Bias Audit Checklist and Vendor Assessment Rubric for Talent Teams
2171	CORE	4	Assessment Integrity Playbook: How to Configure Proctoring, Detect AI-Assisted Cheating, and Write Cheat-Resistant Questions
2175	CORE	4	Resume Screening vs. Skills Assessment: A Validity Comparison with a Transition Checklist for Moving to Skills-First Screening
2296	TRANSPLANT	4	How to Assess Dependability and Reliability in Candidates: Behavioral Interview Questions, Work-Sample Task, and Scoring Rubric
2298	ADJACENT	4	Hackathon Hiring Evaluation Kit: Challenge Design Templates, Candidate Scoring Rubric, and Post-Event Hiring Decision Framework
2300	CORE	4	The Skills-Based Hiring Implementation Checklist: 30-Step Rollout Plan with Role-Level Assessment Templates
114	TRANSPLANT	3	How to Assess Chief of Staff Candidates: Competency Framework, Scenario-Based Interview Questions, and Assessment Rubric
115	TRANSPLANT	3	Hiring a CTO: Technical Assessment Design Guide with Scenario Questions and Executive Evaluation Scorecard
116	TRANSPLANT	3	How to Assess Content Manager Candidates: Work Sample Design Guide, Skill-to-Test Matrix, and Editorial Judgment Rubric
117	TRANSPLANT	3	How to Assess Help Desk Technicians: Tiered Scenario Bank, Skills Test Matrix, and Support-Level Rubric
645	CORE	3	High-Potential Candidate Assessment Guide: Which Tests Predict Future Performance (With Scoring Benchmarks)
812	CORE	3	Structured Interview Playbook: Evidence-Based Question Sets by Role + Skills-Test Integration Checklist
1001	TRANSPLANT	3	Skills Audit for Hiring: How to Map Role Requirements to Pre-Employment Assessments (With a Skills Inventory Template)
1010	TRANSPLANT	3	Pre-Hire Skills Gap Analysis: How to Identify Exactly What to Test for Before You Interview (With a Role-Requirements Template)
2200	CORE	3	Bias Audit Kit for Interviewers: Halo/Horn Effect Self-Assessment, Anchored Behavioral Scorecard Template, and Decision Review Checklist
2205	CORE	3	Skills Assessment Format Decision Tree: Which Test Type Fits Which Role, Funnel Stage, and Volume Level
2211	CORE	3	Learning Agility Assessment Guide: 20 Structured Interview Questions, Scoring Rubric, and Sample Work-Task to Measure Adaptability in Candidates
2213	CORE	3	Peer Interview Toolkit: 30 Question Templates by Role Type, Evaluator Scorecard, and a 1-Hour Peer Interviewer Training Guide
2217	TRANSPLANT	3	Marketing Role Skills Assessment Starter Pack: Sample Test Tasks, Scoring Rubrics, and Interview Questions for Marketing Assistant, Coordinator, and Analyst Hires
2224	CORE	3	Skills-Based Hiring Maturity Scorecard: Benchmark Your Hiring Process Across 5 Stages with Industry Comparison Data
2313	CORE	3	Coding Test Results Interpreter: A Non-Technical Recruiter's Guide to Reading Assessment Reports, Spotting Red Flags, and Making Defensible Decisions
2321	CORE	3	Skills Gap Analysis Toolkit: Role-Level Skills Matrix Template, Assessment Battery by Function, and Gap Closure Prioritization Scorecard
161	TRANSPLANT	2	Customer Success Manager Assessment Guide: Structured Interview Kit, Skills Test Comparison, and Hiring Scorecard
162	TRANSPLANT	2	Growth Marketer Hiring Assessment Kit: Skills-to-Test Matrix, Structured Interview Questions, and Scoring Rubric
163	TRANSPLANT	2	SEO Specialist Hiring Assessment Guide: Skills-to-Test Matrix, Structured Interview Questions, and Candidate Scorecard
164	TRANSPLANT	2	Web Developer Hiring Assessment Blueprint: Coding Challenge Design, Skills Test Matrix, and Technical Interview Scorecard
181	CORE	2	Application & Resume Review Scorecard: Weighted Criteria, Bias Flags, and Skills-Test Integration Checklist
188	TRANSPLANT	2	Accountant Pre-Employment Assessment Guide: Role-Variant Skills Matrix, Sample Test Questions, and Work Sample Design
189	CORE	2	AI Product Manager Skills Assessment Playbook: Competency Rubric, Sample Interview Scenarios, and Skills-Test Matrix (With AI-Literacy Calibration Guide)
190	TRANSPLANT	2	Auditor Pre-Employment Assessment Guide: Audit-Type Skills Matrix, Scenario Questions, and Work-Sample Design
191	TRANSPLANT	2	Cloud Engineer Technical Assessment Guide: Hands-On Scenario Design, Seniority-Tiered Questions, and Skills Test Matrix
192	TRANSPLANT	2	Content Strategist Pre-Employment Assessment: Work Sample Task Design, Strategic Judgment Rubric, and Skills-Test Matrix
193	TRANSPLANT	2	Customer Success Manager Assessment Kit: Role-Play Scenario Design, Structured Interview Questions, and Competency Scorecard
194	TRANSPLANT	2	DevOps Engineer Technical Assessment Guide: Lab Challenge Design, Seniority Rubric, and Skills Test Matrix
195	TRANSPLANT	2	Ecommerce Manager Pre-Employment Assessment: Cross-Functional Case Study Design, Skills Matrix, and Hiring Scorecard
196	TRANSPLANT	2	Embedded Software Engineer Technical Assessment Guide: Coding Challenge Design, RTOS Scenario Questions, and Seniority Rubric
197	TRANSPLANT	2	Flutter Developer Technical Assessment Guide: Take-Home Project Brief, Skill-Tiered Sample Questions, and Code Review Rubric
198	TRANSPLANT	2	Manufacturing Specialist Pre-Employment Assessment: Scenario-Based Problem-Solving Tasks, Safety Compliance Rubric, and Skills Matrix
199	TRANSPLANT	2	Power Platform Developer Technical Assessment Guide: Take-Home Build Challenge Design, Skills Matrix, and Evaluation Rubric
200	TRANSPLANT	2	Product Designer Hiring Assessment Guide: Portfolio Review Rubric, Design Challenge Brief, and Skills Test Matrix
201	TRANSPLANT	2	React Native Developer Technical Assessment Guide: Mobile Take-Home Project Brief, Debugging Scenario Bank, and Evaluation Rubric
202	TRANSPLANT	2	Rust Developer Technical Assessment Guide: Memory-Safety Scenario Bank, Concurrency Challenge Design, and Seniority Rubric
203	TRANSPLANT	2	Shopify Developer Technical Assessment Guide: Liquid Template Challenge, API Integration Task, and Skills Test Matrix
204	TRANSPLANT	2	Social Media Coordinator Pre-Employment Assessment: Content Brief Challenge, Community Scenario Bank, and Skills Matrix
206	TRANSPLANT	2	System Analyst Pre-Employment Assessment Guide: Requirements-Gathering Scenario, Process Mapping Exercise, and Evaluation Rubric
207	TRANSPLANT	2	Webmaster Technical Assessment Guide: Site Audit Task Design, CMS Troubleshooting Scenarios, and Skills Test Matrix
214	CORE	2	Hiring Fairness Self-Audit: Checklist, Bias Risk Rating by Screening Method, and Structured vs Unstructured Interview Comparison Data
222	TRANSPLANT	2	Web Developer Technical Hiring Guide: Coding Challenge Framework, Skills Test Matrix with Sample Questions, and Interview Scorecard
715	CORE	2	AI Cheating in Hiring Assessments: 2025 Prevalence Data, Detection Methods, and an Employer Decision Framework
854	CORE	2	Hard Skills Testing in Hiring: Example Questions by Skill Category, Pass-Rate Benchmarks, and a Scoring Interpretation Guide
1068	CORE	2	The Modern Hiring Manager's Assessment Playbook: Structured Interviews, Skills Tests, and AI-Scored Reports Explained
1073	CORE	2	Business Analyst Skills Assessment Kit: Competency Map, Sample Test Questions (SQL, Analysis, Communication), and Structured Interview Scorecard
1075	CORE	2	Android Developer Skills Assessment Kit: Competency Matrix, Sample Test Questions by Seniority, and Interview Scorecard
1076	CORE	2	Tech Talent Assessment Framework: Which Skills Tests to Use for 12 Common Technical Roles (With Sample Questions)
2349	CORE	2	Candidate Comparison Matrix: A Scored Decision Framework for Choosing Between Finalists Using Assessment Data, Interview Signals, and Role-Fit Criteria
2354	CORE	2	AI Cheating Prevention Playbook: Proctor Configuration Checklist, AI-Resistant Question Design Guide, and Candidate Communication Templates
2361	CORE	2	Talent Gap Diagnostic: A Role-by-Role Assessment Audit Template for Identifying Critical Skill Shortfalls Before They Become Hiring Emergencies
2363	CORE	2	Fair Hiring Audit Checklist: 40-Point Review Covering Assessment Design, Interview Process, and Decision Documentation to Defend Against Adverse Impact Claims
248	TRANSPLANT	1	Bootstrap Developer Assessment Guide: Structured Case Study Brief, Sample Screening Questions, and Technical Evaluation Rubric
249	TRANSPLANT	1	Selenium Automation Tester Hiring Assessment Guide: Structured Interview Question Bank, Skills Test Matrix, and Evaluation Rubric
2381	CORE	1	Problem-Solving Skills Assessment Toolkit: 15 Sample Test Scenarios, Live Coding Tasks, and a Structured Interview Rubric for Technical Roles
2415	CORE	1	Skills Assessment Method Comparison Guide: Validity Ratings, Use-Case Matrix, and Ready-to-Use Templates for All 6 Assessment Approaches
2435	ADJACENT	1	Experience Gap Assessment Framework: How to Measure Role-Level Competency Shortfalls and Design an Assessment-Backed Succession Plan
2439	ADJACENT	1	Hiring Needs Analysis Template: A Skills-Gap-First Approach to Workforce Planning with Role-Level Assessment Criteria
2440	CORE	1	Remote Hiring Assessment Guide: Format Selection, Proctoring Setup, and Candidate Experience Checklist for Fully Remote Skills Screening
2441	CORE	1	Tech Talent Assessment Playbook: Role-Level Test Design, Difficulty Progression, and a Non-Technical Recruiter's Score Interpretation Guide
2445	CORE	1	Hiring Needs-to-Assessment Specification Converter: A 10-Step Template That Turns a Role Analysis into a Ready-to-Run Skills Test Brief
2449	CORE	1	Job Simulation Design Kit: 10 Ready-to-Use Simulation Task Templates Across Role Types (Technical, Customer-Facing, Analytical, Leadership) with Scoring Rubrics
2450	CORE	1	Learning Agility Assessment for Engineers: 15 Role-Specific Behavioral Questions, a Coding-Adaptability Task, and a Scoring Rubric for Technical Hiring
2455	CORE	1	Pair Programming Interview Kit: 5 Problem Sets by Difficulty, Dual-Dimension Scoring Rubric (Technical + Collaboration), and Interviewer Setup Guide
2463	ADJACENT	1	High-Volume Hiring Assessment Playbook: How to Run Skills Screening at Scale During a Recruitment Drive Without Sacrificing Evaluation Quality
